<techtreemods>
  <tech name="RelicAnkhofRa" type="Normal">
    <effects>
      <effect mergeMode='remove' type="Data" amount="0.05" subtype="ResourceTrickleRate"
        resource="Favor" relativity="Absolute">
        <target type="Player">
        </target>
      </effect>
      <effect mergeMode='add' type="Data" amount="0.25" subtype="ResourceTrickleRate"
        resource="Favor" relativity="Absolute">
        <target type="Player">
        </target>
      </effect>
    </effects>
  </tech>
  <tech name="RelicEyeOfHorus" type="Normal">
    <effects>
      <effect mergeMode='remove' type="Data" amount="4.00" subtype="PopulationCapAddition" relativity="Absolute">
        <target type="ProtoUnit">TownCenter</target>
      </effect>
      <effect mergeMode='remove' type="Data" amount="4.00" subtype="PopulationCapAddition" relativity="Absolute">
        <target type="ProtoUnit">CitadelCenter</target>
      </effect>
      <effect mergeMode='add' type="Data" amount="20.00" subtype="PopulationCapAddition" relativity="Absolute">
        <target type="ProtoUnit">TownCenter</target>
      </effect>
      <effect mergeMode='add' type="Data" amount="20.00" subtype="PopulationCapAddition" relativity="Absolute">
        <target type="ProtoUnit">CitadelCenter</target>
      </effect>
    </effects>
  </tech>
  <tech name="RelicSistrumOfBast" type="Normal">
    <effects>
      <effect mergeMode='remove' type="Data" amount="0.85" subtype="cost" resource="Food" relativity="Percent">
        <target type="ProtoUnit">EconomicUpgraded</target>
      </effect>
      <effect mergeMode='remove' type="Data" amount="0.85" subtype="cost" resource="Wood" relativity="Percent">
        <target type="ProtoUnit">EconomicUpgraded</target>
      </effect>
      <effect mergeMode='remove' type="Data" amount="0.85" subtype="cost" resource="Gold" relativity="Percent">
        <target type="ProtoUnit">EconomicUpgraded</target>
      </effect>
      <effect mergeMode='add' type="Data" amount="0.25" subtype="cost" resource="Food" relativity="Percent">
        <target type="ProtoUnit">EconomicUpgraded</target>
      </effect>
      <effect mergeMode='add' type="Data" amount="0.25" subtype="cost" resource="Wood" relativity="Percent">
        <target type="ProtoUnit">EconomicUpgraded</target>
      </effect>
      <effect mergeMode='add' type="Data" amount="0.25" subtype="cost" resource="Gold" relativity="Percent">
        <target type="ProtoUnit">EconomicUpgraded</target>
      </effect>
    </effects>
  </tech>
  <tech name="RelicHeadOfOrpheus" type="Normal">
    <effects>
      <effect mergeMode='remove' type="Data" amount="8" subtype="LOS" relativity="Absolute">
        <target type="ProtoUnit">Building</target>
      </effect>
      <effect mergeMode='add' type="Data" amount="40" subtype="LOS" relativity="Absolute">
        <target type="ProtoUnit">Building</target>
      </effect>
    </effects>
  </tech>
  <tech name="RelicRingOfNibelung" type="Normal">
    <effects>
      <effect mergeMode='remove' type="Data" amount="0.50" subtype="ResourceTrickleRate" resource="Gold" relativity="Absolute">
        <target type="Player">
        </target>
      </effect>
      <effect mergeMode='add' type="Data" amount="2.50" subtype="ResourceTrickleRate" resource="Gold"
        relativity="Absolute">
        <target type="Player">
        </target>
      </effect>
    </effects>
  </tech>
  <tech name="RelicStaffOfDionysus" type="Normal">
    <effects>
      <effect mergeMode='remove' type="Data" amount="0.5" subtype="UnitRegenRate" relativity="Absolute">
        <target type="ProtoUnit">EconomicUpgraded</target>
      </effect>
      <effect mergeMode='add' type="Data" amount="2.5" subtype="UnitRegenRate" relativity="Absolute">
        <target type="ProtoUnit">EconomicUpgraded</target>
      </effect>
    </effects>
  </tech>
  <tech name="RelicFettersOfFenrir" type="Normal">
    <effects>
      <effect mergeMode='remove' type="Data" action="HandAttack" amount="1.20" subtype="Damage" relativity="BasePercent">
        <target type="ProtoUnit">EconomicUpgraded</target>
      </effect>
      <effect mergeMode='remove' type="Data" action="RangedAttack" amount="1.20" subtype="Damage" relativity="BasePercent">
        <target type="ProtoUnit">EconomicUpgraded</target>
      </effect>
      <effect mergeMode='add' type="Data" action="HandAttack" amount="2" subtype="Damage" relativity="BasePercent">
        <target type="ProtoUnit">EconomicUpgraded</target>
      </effect>
      <effect mergeMode='add' type="Data" action="RangedAttack" amount="2" subtype="Damage" relativity="BasePercent">
        <target type="ProtoUnit">EconomicUpgraded</target>
      </effect>
    </effects>
  </tech>
  <tech name="RelicGungnirOdinsSpear" type="Normal">
    <effects>
      <effect mergeMode='remove' type="Data" action="HandAttack" amount="1.05" subtype="Damage" relativity="BasePercent">
        <target type="ProtoUnit">Hirdman</target>
      </effect>
      <effect mergeMode='remove' type="Data" action="HandAttack" amount="1.05" subtype="Damage" relativity="BasePercent">
        <target type="ProtoUnit">Hoplite</target>
      </effect>
      <effect mergeMode='remove' type="Data" action="HandAttack" amount="1.05" subtype="Damage" relativity="BasePercent">
        <target type="ProtoUnit">Spearman</target>
      </effect>
      <effect mergeMode='remove' type="Data" action="HandAttack" amount="1.05" subtype="Damage" relativity="BasePercent">
        <target type="ProtoUnit">Katapeltes</target>
      </effect>
      <effect mergeMode='add' type="Data" action="HandAttack" amount="1.25" subtype="Damage"
        relativity="BasePercent">
        <target type="ProtoUnit">Hirdman</target>
      </effect>
      <effect mergeMode='add' type="Data" action="HandAttack" amount="1.25" subtype="Damage"
        relativity="BasePercent">
        <target type="ProtoUnit">Hoplite</target>
      </effect>
      <effect mergeMode='add' type="Data" action="HandAttack" amount="1.25" subtype="Damage"
        relativity="BasePercent">
        <target type="ProtoUnit">Spearman</target>
      </effect>
      <effect mergeMode='add' type="Data" action="HandAttack" amount="1.25" subtype="Damage"
        relativity="BasePercent">
        <target type="ProtoUnit">Katapeltes</target>
      </effect>
    </effects>
  </tech>
  <tech name="RelicKitharaOfApollo" type="Normal">
    <effects>
      <effect mergeMode='remove' type="Data" amount="1.10" subtype="MaximumVelocity" relativity="BasePercent">
        <target type="ProtoUnit">EconomicUpgraded</target>
      </effect>
      <effect mergeMode='add' type="Data" amount="1.50" subtype="MaximumVelocity" relativity="BasePercent">
        <target type="ProtoUnit">EconomicUpgraded</target>
      </effect>
    </effects>
  </tech>
  <tech name="RelicDwarvenHorseshoes" type="Normal">
    <effects>
      <effect mergeMode='remove' type="Data" amount="1.10" subtype="MaximumVelocity" relativity="BasePercent">
        <target type="ProtoUnit">AbstractCavalry</target>
      </effect>
      <effect mergeMode='add' type="Data" amount="1.50" subtype="MaximumVelocity" relativity="BasePercent">
        <target type="ProtoUnit">AbstractCavalry</target>
      </effect>
    </effects>
  </tech>
  <tech name="RelicBowOfArtemis" type="Normal">
    <effects>
      <effect mergeMode='remove' type="Data" amount="0.9" subtype="cost" resource="Wood" relativity="Percent">
        <target type="ProtoUnit">AbstractArcher</target>
      </effect>
      <effect mergeMode='remove' type="Data" amount="0.9" subtype="cost" resource="Gold" relativity="Percent">
        <target type="ProtoUnit">AbstractArcher</target>
      </effect>
      <effect mergeMode='remove' type="Data" amount="0.9" subtype="cost" resource="Gold" relativity="Percent">
        <target type="ProtoUnit">Ballista</target>
      </effect>
      <effect mergeMode='remove' type="Data" amount="0.9" subtype="cost" resource="Wood" relativity="Percent">
        <target type="ProtoUnit">Ballista</target>
      </effect>
      <effect mergeMode='remove' type="Data" amount="0.9" subtype="cost" resource="Gold" relativity="Percent">
        <target type="ProtoUnit">LogicalTypeRangedMythUnit</target>
      </effect>
      <effect mergeMode='remove' type="Data" amount="0.9" subtype="cost" resource="Wood" relativity="Percent">
        <target type="ProtoUnit">LogicalTypeRangedMythUnit</target>
      </effect>
      <effect mergeMode='add' type="Data" amount="0.5" subtype="cost" resource="Wood" relativity="Percent">
        <target type="ProtoUnit">AbstractArcher</target>
      </effect>
      <effect mergeMode='add' type="Data" amount="0.5" subtype="cost" resource="Gold" relativity="Percent">
        <target type="ProtoUnit">AbstractArcher</target>
      </effect>
      <effect mergeMode='add' type="Data" amount="0.5" subtype="cost" resource="Gold" relativity="Percent">
        <target type="ProtoUnit">Ballista</target>
      </effect>
      <effect mergeMode='add' type="Data" amount="0.5" subtype="cost" resource="Wood" relativity="Percent">
        <target type="ProtoUnit">Ballista</target>
      </effect>
      <effect mergeMode='add' type="Data" amount="0.5" subtype="cost" resource="Gold" relativity="Percent">
        <target type="ProtoUnit">LogicalTypeRangedMythUnit</target>
      </effect>
      <effect mergeMode='add' type="Data" amount="0.5" subtype="cost" resource="Wood" relativity="Percent">
        <target type="ProtoUnit">LogicalTypeRangedMythUnit</target>
      </effect>
    </effects>
  </tech>
  <tech name="RelicScalesOfEchidna" type="Normal">
    <effects>
      <effect mergeMode='remove' type="Data" amount="0.85" subtype="cost" resource="Food" relativity="Percent">
        <target type="ProtoUnit">MythUnit</target>
      </effect>
      <effect mergeMode='remove' type="Data" amount="0.85" subtype="cost" resource="Wood" relativity="Percent">
        <target type="ProtoUnit">MythUnit</target>
      </effect>
      <effect mergeMode='remove' type="Data" amount="0.85" subtype="cost" resource="Gold" relativity="Percent">
        <target type="ProtoUnit">MythUnit</target>
      </effect>
      <effect mergeMode='add' type="Data" amount="0.25" subtype="cost" resource="Food" relativity="Percent">
        <target type="ProtoUnit">MythUnit</target>
      </effect>
      <effect mergeMode='add' type="Data" amount="0.25" subtype="cost" resource="Wood" relativity="Percent">
        <target type="ProtoUnit">MythUnit</target>
      </effect>
      <effect mergeMode='add' type="Data" amount="0.25" subtype="cost" resource="Gold" relativity="Percent">
        <target type="ProtoUnit">MythUnit</target>
      </effect>
    </effects>
  </tech>
  <tech name="RelicNoseOfTheSphinx" type="Normal">
    <effects>
      <effect mergeMode='remove' type="Data" amount="1.15" subtype="Hitpoints" relativity="BasePercent">
        <target type="ProtoUnit">Building</target>
      </effect>
      <effect mergeMode='remove' type="Data" amount="0.85" subtype="Hitpoints" relativity="BasePercent">
        <target type="ProtoUnit">LogicalTypeUnitIsConstructed</target>
      </effect>
      <effect mergeMode='add' type="Data" amount="1.75" subtype="Hitpoints" relativity="BasePercent">
        <target type="ProtoUnit">Building</target>
      </effect>
      <effect mergeMode='add' type="Data" amount="0.25" subtype="Hitpoints" relativity="BasePercent">
        <target type="ProtoUnit">LogicalTypeUnitIsConstructed</target>
      </effect>
    </effects>
  </tech>
  <tech name="RelicArrowsOfAlfar" type="Normal">
    <effects>
      <effect mergeMode='remove' type="Data" action="HandAttack" amount="1.20" subtype="Damage" relativity="BasePercent">
        <target type="ProtoUnit">Building</target>
      </effect>
      <effect mergeMode='remove' type="Data" action="RangedAttack" amount="1.20" subtype="Damage" relativity="BasePercent">
        <target type="ProtoUnit">Building</target>
      </effect>
      <effect mergeMode='add' type="Data" action="HandAttack" amount="2" subtype="Damage" relativity="BasePercent">
        <target type="ProtoUnit">Building</target>
      </effect>
      <effect mergeMode='add' type="Data" action="RangedAttack" amount="2" subtype="Damage" relativity="BasePercent">
        <target type="ProtoUnit">Building</target>
      </effect>
    </effects>
  </tech>
  <tech name="RelicArrowsOfHeracles" type="Normal">
    <effects>
      <effect mergeMode='remove' type="Data" action="RangedAttack" amount="1.05" subtype="Damage" relativity="BasePercent">
        <target type="ProtoUnit">ArcherLineUpgraded</target>
      </effect>
      <effect mergeMode='remove' type="Data" action="RangedAttack" amount="1.05" subtype="Damage" relativity="BasePercent">
        <target type="ProtoUnit">HeroShadowUpgraded</target>
      </effect>
      <effect mergeMode='add' type="Data" action="RangedAttack" amount="1.25" subtype="Damage"
        relativity="BasePercent">
        <target type="ProtoUnit">ArcherLineUpgraded</target>
      </effect>
      <effect mergeMode='add' type="Data" action="RangedAttack" amount="1.25" subtype="Damage"
        relativity="BasePercent">
        <target type="ProtoUnit">HeroShadowUpgraded</target>
      </effect>
    </effects>
  </tech>
  <tech name="RelicGambanteinnOdinsWand" type="Normal">
    <effects>
      <effect mergeMode='remove' type="Data" amount="0.75" subtype="CostBuildingTechs" resource="Food" relativity="Percent">
        <target type="ProtoUnit">Temple</target>
      </effect>
      <effect mergeMode='remove' type="Data" amount="0.75" subtype="CostBuildingTechs" resource="Wood" relativity="Percent">
        <target type="ProtoUnit">Temple</target>
      </effect>
      <effect mergeMode='remove' type="Data" amount="0.75" subtype="CostBuildingTechs" resource="Gold" relativity="Percent">
        <target type="ProtoUnit">Temple</target>
      </effect>
      <effect mergeMode='remove' type="Data" amount="0.75" subtype="CostBuildingTechs" resource="Favor" relativity="Percent">
        <target type="ProtoUnit">Temple</target>
      </effect>
      <effect mergeMode='add' type="Data" amount="0.01" subtype="CostBuildingTechs" resource="Food"
        relativity="Percent">
        <target type="ProtoUnit">Temple</target>
      </effect>
      <effect mergeMode='add' type="Data" amount="0.01" subtype="CostBuildingTechs" resource="Wood"
        relativity="Percent">
        <target type="ProtoUnit">Temple</target>
      </effect>
      <effect mergeMode='add' type="Data" amount="0.01" subtype="CostBuildingTechs" resource="Gold"
        relativity="Percent">
        <target type="ProtoUnit">Temple</target>
      </effect>
      <effect mergeMode='add' type="Data" amount="0.01" subtype="CostBuildingTechs" resource="Favor"
        relativity="Percent">
        <target type="ProtoUnit">Temple</target>
      </effect>
    </effects>
  </tech>
  <tech name="BridleOfPegasusRespawn">
    <effects>
      <effect mergeMode='remove' type="CreateUnit" unit="PegasusBridleOfPegasus" generator="AbstractTemple">
        <pattern type="Scatter" speed="0.00" radius="0.00" quantity="1.00" minradius="0.00">
          <offset x="0.00" y="0.00" z="0.00">
          </offset>
        </pattern>
      </effect>
      <effect mergeMode='add' type="CreateUnit" unit="PegasusBridleOfPegasus" generator="AbstractTemple">
        <pattern type="Scatter" speed="0.00" radius="0.00" quantity="5.00" minradius="0.00">
          <offset x="0.00" y="0.00" z="0.00">
          </offset>
        </pattern>
      </effect>
    </effects>
  </tech>
  <tech name="RelicUllrsBow" type="Normal">
    <effects>
      <effect mergeMode='remove' type="Data" action="RangedAttack" amount="1.00" subtype="MaximumRange" relativity="Absolute">
        <target type="ProtoUnit">AbstractArcher</target>
      </effect>
      <effect mergeMode='remove' type="Data" action="RangedAttack" amount="1.00" subtype="MaximumRange" relativity="Absolute">
        <target type="ProtoUnit">Ballista</target>
      </effect>
      <effect mergeMode='remove' type="Data" amount="1" subtype="LOS" relativity="Absolute">
        <target type="ProtoUnit">AbstractArcher</target>
      </effect>
      <effect mergeMode='remove' type="Data" amount="1" subtype="LOS" relativity="Absolute">
        <target type="ProtoUnit">Ballista</target>
      </effect>
      <effect mergeMode='add' type="Data" action="RangedAttack" amount="5.00" subtype="MaximumRange"
        relativity="Absolute">
        <target type="ProtoUnit">AbstractArcher</target>
      </effect>
      <effect mergeMode='add' type="Data" action="RangedAttack" amount="5.00" subtype="MaximumRange"
        relativity="Absolute">
        <target type="ProtoUnit">Ballista</target>
      </effect>
      <effect mergeMode='add' type="Data" amount="5" subtype="LOS" relativity="Absolute">
        <target type="ProtoUnit">AbstractArcher</target>
      </effect>
      <effect mergeMode='add' type="Data" amount="5" subtype="LOS" relativity="Absolute">
        <target type="ProtoUnit">Ballista</target>
      </effect>
    </effects>
  </tech>
  <tech name="RelicBlueCrystalShard" type="Normal">
    <effects>
      <effect mergeMode='remove' type="Data" action="Gather" amount="1.05" subtype="WorkRate" unittype="GoldResource" relativity="BasePercent">
        <target type="ProtoUnit">EconomicUpgraded</target>
      </effect>
      <effect mergeMode='remove' type="Data" action="Gather" amount="1.05" subtype="WorkRate" unittype="WoodResource" relativity="BasePercent">
        <target type="ProtoUnit">EconomicUpgraded</target>
      </effect>
      <effect mergeMode='add' type="Data" action="Gather" amount="1.25" subtype="WorkRate" unittype="GoldResource"
        relativity="BasePercent">
        <target type="ProtoUnit">EconomicUpgraded</target>
      </effect>
      <effect mergeMode='add' type="Data" action="Gather" amount="1.25" subtype="WorkRate" unittype="WoodResource"
        relativity="BasePercent">
        <target type="ProtoUnit">EconomicUpgraded</target>
      </effect>
    </effects>
  </tech>
  <tech name="RelicArmorOfAchilles" type="Normal">
    <effects>
      <effect mergeMode='remove' type="Data" amount="-0.05" subtype="ArmorVulnerability" armortype="Hack" relativity="Percent">
        <target type="ProtoUnit">AbstractInfantry</target>
      </effect>
      <effect mergeMode='add' type="Data" amount="-0.25" subtype="ArmorVulnerability" armortype="Hack"
        relativity="Percent">
        <target type="ProtoUnit">AbstractInfantry</target>
      </effect>
    </effects>
  </tech>
  <tech name="RelicShipOfFingernails" type="Normal">
    <effects>
      <effect mergeMode='remove' type="Data" amount="0.50" subtype="ResourceTrickleRate" resource="Food" relativity="Absolute">
        <target type="Player">
        </target>
      </effect>
      <effect mergeMode='add' type="Data" amount="2.50" subtype="ResourceTrickleRate" resource="Food"
        relativity="Absolute">
        <target type="Player">
        </target>
      </effect>
    </effects>
  </tech>
  <tech name="RelicAdamantiteShingles" type="Normal">
    <effects>
      <effect mergeMode='remove' type="Data" amount="3.00" subtype="Hitpoints" relativity="BasePercent">
        <target type="ProtoUnit">House</target>
      </effect>
      <effect mergeMode='remove' type="Data" amount="2.00" subtype="Hitpoints" relativity="BasePercent">
        <target type="ProtoUnit">Manor</target>
      </effect>
      <effect mergeMode='add' type="Data" amount="15.00" subtype="Hitpoints" relativity="BasePercent">
        <target type="ProtoUnit">House</target>
      </effect>
      <effect mergeMode='add' type="Data" amount="10.00" subtype="Hitpoints" relativity="BasePercent">
        <target type="ProtoUnit">Manor</target>
      </effect>
    </effects>
  </tech>
  <tech name="RelicEyeOfOrnlu" type="Normal">
    <effects>
      <effect mergeMode='remove' type="Data" action="HandAttack" amount="1.05" subtype="Damage" relativity="BasePercent">
        <target type="ProtoUnit">Hypaspist</target>
      </effect>
      <effect mergeMode='remove' type="Data" action="HandAttack" amount="1.05" subtype="Damage" relativity="BasePercent">
        <target type="ProtoUnit">Axeman</target>
      </effect>
      <effect mergeMode='remove' type="Data" action="RangedAttack" amount="1.05" subtype="Damage" relativity="BasePercent">
        <target type="ProtoUnit">ThrowingAxeman</target>
      </effect>
      <effect mergeMode='remove' type="Data" action="RangedAttack" amount="1.05" subtype="Damage" relativity="BasePercent">
        <target type="ProtoUnit">Cheiroballista</target>
      </effect>
      <effect mergeMode='remove' type="Data" action="RangedAttack" amount="1.05" subtype="Damage" relativity="BasePercent">
        <target type="ProtoUnit">CheiroballistaHero</target>
      </effect>
      <effect mergeMode='add' type="Data" action="HandAttack" amount="1.25" subtype="Damage"
        relativity="BasePercent">
        <target type="ProtoUnit">Hypaspist</target>
      </effect>
      <effect mergeMode='add' type="Data" action="HandAttack" amount="1.25" subtype="Damage"
        relativity="BasePercent">
        <target type="ProtoUnit">Axeman</target>
      </effect>
      <effect mergeMode='add' type="Data" action="RangedAttack" amount="1.25" subtype="Damage"
        relativity="BasePercent">
        <target type="ProtoUnit">ThrowingAxeman</target>
      </effect>
      <effect mergeMode='add' type="Data" action="RangedAttack" amount="1.25" subtype="Damage"
        relativity="BasePercent">
        <target type="ProtoUnit">Cheiroballista</target>
      </effect>
      <effect mergeMode='add' type="Data" action="RangedAttack" amount="1.25" subtype="Damage"
        relativity="BasePercent">
        <target type="ProtoUnit">CheiroballistaHero</target>
      </effect>
    </effects>
  </tech>
  <tech name="RelicTuskOfTheIronBoar" type="Normal">
    <effects>
      <effect mergeMode='remove' type="Data" amount="1.10" subtype="Hitpoints" relativity="BasePercent">
        <target type="ProtoUnit">AbstractCavalry</target>
      </effect>
      <effect mergeMode='add' type="Data" amount="1.50" subtype="Hitpoints" relativity="BasePercent">
        <target type="ProtoUnit">AbstractCavalry</target>
      </effect>
    </effects>
  </tech>
  <tech name="RelicPandorasBox" type="Normal">
    <effects>
      <effect mergeMode='remove' type="Data" amount="0.80" subtype="Cost" resource="Favor" relativity="Percent">
        <target type="ProtoUnit">MythUnit</target>
      </effect>
      <effect mergeMode='add' type="Data" amount="0.01" subtype="Cost" resource="Favor" relativity="Percent">
        <target type="ProtoUnit">MythUnit</target>
      </effect>
    </effects>
  </tech>
  <tech name="RelicThundercloudShawl" type="Normal">
    <effects>
      <effect mergeMode='remove' type="Data" amount="-0.05" subtype="ArmorVulnerability" armortype="Pierce" relativity="Percent">
        <target type="ProtoUnit">HumanSoldier</target>
      </effect>
      <effect mergeMode='remove' type="Data" amount="-0.05" subtype="ArmorVulnerability" armortype="Pierce" relativity="Percent">
        <target type="ProtoUnit">HeroShadowUpgraded</target>
      </effect>
      <effect mergeMode='add' type="Data" amount="-0.25" subtype="ArmorVulnerability" armortype="Pierce"
        relativity="Percent">
        <target type="ProtoUnit">HumanSoldier</target>
      </effect>
      <effect mergeMode='add' type="Data" amount="-0.25" subtype="ArmorVulnerability" armortype="Pierce"
        relativity="Percent">
        <target type="ProtoUnit">HeroShadowUpgraded</target>
      </effect>
    </effects>
  </tech>
  <tech name="RelicHarmoniasNecklace" type="Normal">
    <effects>
      <effect mergeMode='remove' type="Data" action="Gather" amount="1.10" subtype="WorkRate" unittype="GoldResource" relativity="BasePercent">
        <target type="ProtoUnit">EconomicUpgraded</target>
      </effect>
      <effect mergeMode='add' type="Data" action="Gather" amount="1.50" subtype="WorkRate" unittype="GoldResource"
        relativity="BasePercent">
        <target type="ProtoUnit">EconomicUpgraded</target>
      </effect>
    </effects>
  </tech>
  <tech name="RelicDwarvenCalipers" type="Normal">
    <effects>
      <effect mergeMode='remove' type="Data" amount="0.80" subtype="Cost" resource="Food" relativity="Percent">
        <target type="ProtoUnit">AbstractSiegeWeapon</target>
      </effect>
      <effect mergeMode='remove' type="Data" amount="0.80" subtype="Cost" resource="Wood" relativity="Percent">
        <target type="ProtoUnit">AbstractSiegeWeapon</target>
      </effect>
      <effect mergeMode='remove' type="Data" amount="0.80" subtype="Cost" resource="Gold" relativity="Percent">
        <target type="ProtoUnit">AbstractSiegeWeapon</target>
      </effect>
      <effect mergeMode='remove' type="Data" amount="0.80" subtype="Cost" resource="Favor" relativity="Percent">
        <target type="ProtoUnit">AbstractSiegeWeapon</target>
      </effect>
      <effect mergeMode='add' type="Data" amount="0.01" subtype="Cost" resource="Food" relativity="Percent">
        <target type="ProtoUnit">AbstractSiegeWeapon</target>
      </effect>
      <effect mergeMode='add' type="Data" amount="0.01" subtype="Cost" resource="Wood" relativity="Percent">
        <target type="ProtoUnit">AbstractSiegeWeapon</target>
      </effect>
      <effect mergeMode='add' type="Data" amount="0.01" subtype="Cost" resource="Gold" relativity="Percent">
        <target type="ProtoUnit">AbstractSiegeWeapon</target>
      </effect>
      <effect mergeMode='add' type="Data" amount="0.01" subtype="Cost" resource="Favor" relativity="Percent">
        <target type="ProtoUnit">AbstractSiegeWeapon</target>
      </effect>
    </effects>
  </tech>
  <tech name="GoldenLionsRespawn">
    <effects>
      <effect mergeMode='remove' type="CreateUnit" unit="RelicGoldenLion" generator="AbstractTemple">
        <pattern type="Scatter" speed="0.00" radius="0.00" quantity="2.00" minradius="0.00">
          <offset x="5.00" y="0.00" z="5.00">
          </offset>
        </pattern>
      </effect>
      <effect mergeMode='add' type="CreateUnit" unit="RelicGoldenLion" generator="AbstractTemple">
        <pattern type="Scatter" speed="0.00" radius="0.00" quantity="10.00" minradius="0.00">
          <offset x="5.00" y="0.00" z="5.00">
          </offset>
        </pattern>
      </effect>
    </effects>
  </tech>
  <tech name="RelicMonkeyRespawn">
    <effects>
      <effect mergeMode='remove' type="CreateUnit" unit="RelicMonkey" generator="AbstractTemple">
        <pattern type="Scatter" speed="0.00" radius="0.00" quantity="6.00" minradius="0.00">
          <offset x="0.00" y="-5.00" z="0.00">
          </offset>
        </pattern>
      </effect>
      <effect mergeMode='add' type="CreateUnit" unit="RelicMonkey" generator="AbstractTemple">
        <pattern type="Scatter" speed="0.00" radius="0.00" quantity="30.00" minradius="0.00">
          <offset x="0.00" y="-5.00" z="0.00">
          </offset>
        </pattern>
      </effect>
    </effects>
  </tech>
  <tech name="RelicCanopicJarOfImsety" type="Normal">
    <effects>
      <effect mergeMode='remove' type="Data" amount="0.75" subtype="TrainPoints" relativity="Percent">
        <target type="ProtoUnit">AbstractInfantry</target>
      </effect>
      <effect mergeMode='add' type="Data" amount="0.01" subtype="TrainPoints" relativity="Percent">
        <target type="ProtoUnit">AbstractInfantry</target>
      </effect>
    </effects>
  </tech>
  <tech name="RelicTowerOfSestus" type="Normal">
    <effects>
      <effect mergeMode='remove' type="Data" allactions="1" amount="0.40" subtype="DamageBonus" unittype="MythUnit" relativity="Absolute">
        <target type="ProtoUnit">SentryTower</target>
      </effect>
      <effect mergeMode='add' type="Data" allactions="1" amount="2.0" subtype="DamageBonus" unittype="MythUnit"
        relativity="Absolute">
        <target type="ProtoUnit">SentryTower</target>
      </effect>
    </effects>
  </tech>
  <tech name="RelicTrojanGateHinge" type="Normal">
    <effects>
      <effect mergeMode='remove' type="Data" amount="1.20" subtype="Hitpoints" relativity="BasePercent">
        <target type="ProtoUnit">AbstractWall</target>
      </effect>
      <effect mergeMode='add' type="Data" amount="2" subtype="Hitpoints" relativity="BasePercent">
        <target type="ProtoUnit">AbstractWall</target>
      </effect>
    </effects>
  </tech>
  <tech name="RelicGirdleOfHippolyta" type="Normal">
    <effects>
      <effect mergeMode='remove' type="Data" amount="1.10" subtype="Hitpoints" relativity="BasePercent">
        <target type="ProtoUnit">AbstractArcher</target>
      </effect>
      <effect mergeMode='add' type="Data" amount="1.50" subtype="Hitpoints" relativity="BasePercent">
        <target type="ProtoUnit">AbstractArcher</target>
      </effect>
    </effects>
  </tech>
  <tech name="RelicPygmalionsStatue" type="Normal">
    <effects>
      <effect mergeMode='remove' type="Data" amount="1.40" subtype="Hitpoints" relativity="BasePercent">
        <target type="ProtoUnit">AbstractVillager</target>
      </effect>
      <effect mergeMode='add' type="Data" amount="3" subtype="Hitpoints" relativity="BasePercent">
        <target type="ProtoUnit">AbstractVillager</target>
      </effect>
    </effects>
  </tech>
  <tech name="RelicBlackLotus" type="Normal">
    <effects>
      <effect mergeMode='remove' type="Data" action="Gather" amount="1.10" subtype="WorkRate" unittype="AbstractFarm" relativity="BasePercent">
        <target type="ProtoUnit">EconomicUpgraded</target>
      </effect>
      <effect mergeMode='add' type="Data" action="Gather" amount="1.50" subtype="WorkRate" unittype="AbstractFarm"
        relativity="BasePercent">
        <target type="ProtoUnit">EconomicUpgraded</target>
      </effect>
    </effects>
  </tech>
  <tech name="RelicScarabPendant" type="Normal">
    <effects>
      <effect mergeMode='remove' type="Data" amount="1.20" allactions="1" subtype="Damage" damagetype="Crush" relativity="BasePercent">
        <target type="ProtoUnit">Behemoth</target>
      </effect>
      <effect mergeMode='remove' type="Data" amount="1.20" allactions="1" subtype="Damage" damagetype="Crush" relativity="BasePercent">
        <target type="ProtoUnit">Scarab</target>
      </effect>
      <effect mergeMode='remove' type="Data" amount="1.20" allactions="1" subtype="Damage" damagetype="Crush" relativity="BasePercent">
        <target type="ProtoUnit">MountainGiant</target>
      </effect>
      <effect mergeMode='remove' type="Data" amount="1.20" allactions="1" subtype="Damage" damagetype="Crush" relativity="BasePercent">
        <target type="ProtoUnit">Colossus</target>
      </effect>
      <effect mergeMode='remove' type="Data" amount="1.20" allactions="1" subtype="Damage" damagetype="Crush" relativity="BasePercent">
        <target type="ProtoUnit">AbstractSiegeWeapon</target>
      </effect>
      <effect mergeMode='add' type="Data" amount="2" allactions="1" subtype="Damage" damagetype="Crush"
        relativity="BasePercent">
        <target type="ProtoUnit">Behemoth</target>
      </effect>
      <effect mergeMode='add' type="Data" amount="2" allactions="1" subtype="Damage" damagetype="Crush"
        relativity="BasePercent">
        <target type="ProtoUnit">Scarab</target>
      </effect>
      <effect mergeMode='add' type="Data" amount="2" allactions="1" subtype="Damage" damagetype="Crush"
        relativity="BasePercent">
        <target type="ProtoUnit">MountainGiant</target>
      </effect>
      <effect mergeMode='add' type="Data" amount="2" allactions="1" subtype="Damage" damagetype="Crush"
        relativity="BasePercent">
        <target type="ProtoUnit">Colossus</target>
      </effect>
      <effect mergeMode='add' type="Data" amount="2" allactions="1" subtype="Damage" damagetype="Crush"
        relativity="BasePercent">
        <target type="ProtoUnit">AbstractSiegeWeapon</target>
      </effect>
    </effects>
  </tech>
  <tech name="RelicHermesWingedSandals" type="Normal">
    <effects>
      <effect mergeMode='remove' type="Data" amount="1.10" subtype="MaximumVelocity" relativity="BasePercent">
        <target type="ProtoUnit">Hero</target>
      </effect>
      <effect mergeMode='add' type="Data" amount="1.50" subtype="MaximumVelocity" relativity="BasePercent">
        <target type="ProtoUnit">Hero</target>
      </effect>
    </effects>
  </tech>
  <tech name="RelicAnvilOfHephaestus" type="Normal">
    <effects>
      <effect mergeMode='remove' type="Data" amount="0.5" subtype="CostBuildingTechs" resource="Gold" relativity="Percent">
        <target type="ProtoUnit">Armory</target>
      </effect>
      <effect mergeMode='add' type="Data" amount="0.01" subtype="CostBuildingTechs" resource="Gold"
        relativity="Percent">
        <target type="ProtoUnit">Armory</target>
      </effect>
    </effects>
  </tech>
  <tech name="RelicPeltOfArgus" type="Normal">
    <effects>
      <effect mergeMode='remove' type="Data" amount="6" subtype="LOS" relativity="Absolute">
        <target type="ProtoUnit">Unit</target>
      </effect>
      <effect mergeMode='add' type="Data" amount="30" subtype="LOS" relativity="Absolute">
        <target type="ProtoUnit">Unit</target>
      </effect>
    </effects>
  </tech>
  <tech name="RelicOsebergWagon" type="Normal">
    <effects>
      <effect mergeMode='remove' type="Data" amount="1.10" subtype="MaximumVelocity" relativity="BasePercent">
        <target type="ProtoUnit">TradeUnit</target>
      </effect>
      <effect mergeMode='remove' type="Data" amount="0.75" subtype="Cost" resource="Food" relativity="BasePercent">
        <target type="ProtoUnit">TradeUnit</target>
      </effect>
      <effect mergeMode='add' type="Data" amount="1.50" subtype="MaximumVelocity" relativity="BasePercent">
        <target type="ProtoUnit">TradeUnit</target>
      </effect>
      <effect mergeMode='add' type="Data" amount="0.01" subtype="Cost" resource="Food" relativity="BasePercent">
        <target type="ProtoUnit">TradeUnit</target>
      </effect>
    </effects>
  </tech>
  <tech name="RelicScalesOfCatoblepas" type="Normal">
    <effects>
      <effect mergeMode='remove' type="Data" amount="-0.15" subtype="ArmorVulnerability" armortype="Pierce" relativity="Percent">
        <target type="ProtoUnit">MythUnit</target>
      </effect>
      <effect mergeMode='add' type="Data" amount="-0.75" subtype="ArmorVulnerability" armortype="Pierce"
        relativity="Percent">
        <target type="ProtoUnit">MythUnit</target>
      </effect>
    </effects>
  </tech>
  <tech name="RelicTailOfCerberus" type="Normal">
    <effects>
      <effect mergeMode='remove' type="Data" amount="0.75" subtype="RechargeTime" relativity="BasePercent">
        <target type="ProtoUnit">MythUnit</target>
      </effect>
      <effect mergeMode='add' type="Data" amount="0.01" subtype="RechargeTime" relativity="BasePercent">
        <target type="ProtoUnit">MythUnit</target>
      </effect>
    </effects>
  </tech>
  <tech name="RelicBlanketOfEmpressZoe" type="Normal">
    <effects>
      <effect mergeMode='remove' type="Data" amount="-0.10" subtype="ArmorVulnerability" armortype="Crush" relativity="Percent">
        <target type="ProtoUnit">Building</target>
      </effect>
      <effect mergeMode='add' type="Data" amount="-0.50" subtype="ArmorVulnerability" armortype="Crush"
        relativity="Percent">
        <target type="ProtoUnit">Building</target>
      </effect>
    </effects>
  </tech>
  <tech name="RelicKhopeshOfHorus" type="Normal">
    <effects>
      <effect mergeMode='remove' type="Data" allactions="1" amount="1.00" subtype="Damagebonus" unittype="MythUnit" relativity="Absolute">
        <target type="ProtoUnit">Hero</target>
      </effect>
      <effect mergeMode='add' type="Data" allactions="1" amount="5.00" subtype="Damagebonus" unittype="MythUnit"
        relativity="Absolute">
        <target type="ProtoUnit">Hero</target>
      </effect>
    </effects>
  </tech>
  <tech name="RelicTitansTreasure" type="Normal">
    <effects>
      <effect mergeMode='remove' type="Data" amount="0.90" subtype="Cost" resource="Food" relativity="Percent">
        <target type="techWithFlag">AgeUpgrade</target>
      </effect>
      <effect mergeMode='remove' type="Data" amount="0.90" subtype="Cost" resource="Gold" relativity="Percent">
        <target type="techWithFlag">AgeUpgrade</target>
      </effect>
      <effect mergeMode='remove' type="Data" amount="0.90" subtype="Cost" resource="Food" relativity="Percent">
        <target type="Tech">SecretsOfTheTitans</target>
      </effect>
      <effect mergeMode='remove' type="Data" amount="0.90" subtype="Cost" resource="Wood" relativity="Percent">
        <target type="Tech">SecretsOfTheTitans</target>
      </effect>
      <effect mergeMode='remove' type="Data" amount="0.90" subtype="Cost" resource="Gold" relativity="Percent">
        <target type="Tech">SecretsOfTheTitans</target>
      </effect>
      <effect mergeMode='remove' type="Data" amount="0.90" subtype="Cost" resource="Favor" relativity="Percent">
        <target type="Tech">SecretsOfTheTitans</target>
      </effect>
      <effect mergeMode='add' type="Data" amount="0.50" subtype="Cost" resource="Food" relativity="Percent">
        <target type="techWithFlag">AgeUpgrade</target>
      </effect>
      <effect mergeMode='add' type="Data" amount="0.50" subtype="Cost" resource="Gold" relativity="Percent">
        <target type="techWithFlag">AgeUpgrade</target>
      </effect>
      <effect mergeMode='add' type="Data" amount="0.50" subtype="Cost" resource="Food" relativity="Percent">
        <target type="Tech">SecretsOfTheTitans</target>
      </effect>
      <effect mergeMode='add' type="Data" amount="0.50" subtype="Cost" resource="Wood" relativity="Percent">
        <target type="Tech">SecretsOfTheTitans</target>
      </effect>
      <effect mergeMode='add' type="Data" amount="0.50" subtype="Cost" resource="Gold" relativity="Percent">
        <target type="Tech">SecretsOfTheTitans</target>
      </effect>
      <effect mergeMode='add' type="Data" amount="0.50" subtype="Cost" resource="Favor" relativity="Percent">
        <target type="Tech">SecretsOfTheTitans</target>
      </effect>
    </effects>
  </tech>
  <tech name="RelicGaiasBookOfKnowledge" type="Normal">
    <effects>
      <effect mergeMode='remove' type="Data" action="HandAttack" amount="3.00" subtype="Damagebonus" unittype="AbstractTitan" relativity="Absolute">
        <target type="ProtoUnit">AbstractInfantry</target>
      </effect>
      <effect mergeMode='add' type="Data" action="HandAttack" amount="15.00" subtype="Damagebonus"
        unittype="AbstractTitan" relativity="Absolute">
        <target type="ProtoUnit">AbstractInfantry</target>
      </effect>
    </effects>
  </tech>
  <tech name="RelicArchimedesLedger" type="Normal">
    <effects>
      <effect mergeMode='remove' type="Data" amount="-1.00" subtype="PopulationCount" relativity="Absolute">
        <target type="ProtoUnit">AbstractSiegeWeapon</target>
      </effect>
      <effect mergeMode='add' type="Data" amount="-5.00" subtype="PopulationCount" relativity="Absolute">
        <target type="ProtoUnit">AbstractSiegeWeapon</target>
      </effect>
    </effects>
  </tech>
  <tech name="RelicDemetersThrone" type="Normal">
    <effects>
      <effect mergeMode='remove' type="Data" amount="0.5" subtype="BuildPoints" relativity="BasePercent">
        <target type="ProtoUnit">Storehouse</target>
      </effect>
      <effect mergeMode='remove' type="Data" amount="0.5" subtype="BuildPoints" relativity="BasePercent">
        <target type="ProtoUnit">Granary</target>
      </effect>
      <effect mergeMode='remove' type="Data" amount="0.5" subtype="BuildPoints" relativity="BasePercent">
        <target type="ProtoUnit">LumberCamp</target>
      </effect>
      <effect mergeMode='remove' type="Data" amount="0.5" subtype="BuildPoints" relativity="BasePercent">
        <target type="ProtoUnit">MiningCamp</target>
      </effect>
      <effect mergeMode='remove' type="Data" amount="0.5" subtype="BuildPoints" relativity="BasePercent">
        <target type="ProtoUnit">OxCartBuilding</target>
      </effect>
      <effect mergeMode='remove' type="Data" amount="0.5" subtype="BuildPoints" relativity="BasePercent">
        <target type="ProtoUnit">House</target>
      </effect>
      <effect mergeMode='remove' type="Data" amount="0.5" subtype="BuildPoints" relativity="BasePercent">
        <target type="ProtoUnit">Manor</target>
      </effect>
      <effect mergeMode='remove' type="Data" amount="0.5" subtype="BuildPoints" relativity="BasePercent">
        <target type="ProtoUnit">EconomicGuild</target>
      </effect>
      <effect mergeMode='remove' type="Data" amount="0.75" subtype="Cost" resource="Wood" relativity="BasePercent">
        <target type="ProtoUnit">Storehouse</target>
      </effect>
      <effect mergeMode='remove' type="Data" amount="0.75" subtype="Cost" resource="Wood" relativity="BasePercent">
        <target type="ProtoUnit">Granary</target>
      </effect>
      <effect mergeMode='remove' type="Data" amount="0.75" subtype="Cost" resource="Food" relativity="BasePercent">
        <target type="ProtoUnit">OxCartBuilding</target>
      </effect>
      <effect mergeMode='remove' type="Data" amount="0.75" subtype="Cost" resource="Wood" relativity="BasePercent">
        <target type="ProtoUnit">OxCartBuilding</target>
      </effect>
      <effect mergeMode='remove' type="Data" amount="0.75" subtype="Cost" resource="Wood" relativity="BasePercent">
        <target type="ProtoUnit">House</target>
      </effect>
      <effect mergeMode='remove' type="Data" amount="0.75" subtype="Cost" resource="Wood" relativity="BasePercent">
        <target type="ProtoUnit">Manor</target>
      </effect>
      <effect mergeMode='remove' type="Data" amount="0.75" subtype="Cost" resource="Gold" relativity="BasePercent">
        <target type="ProtoUnit">Manor</target>
      </effect>
      <effect mergeMode='remove' type="Data" amount="0.75" subtype="Cost" resource="Wood" relativity="BasePercent">
        <target type="ProtoUnit">EconomicGuild</target>
      </effect>
      <effect mergeMode='remove' type="Data" amount="0.75" subtype="Cost" resource="Gold" relativity="BasePercent">
        <target type="ProtoUnit">EconomicGuild</target>
      </effect>
      <effect mergeMode='add' type="Data" amount="0.01" subtype="BuildPoints" relativity="BasePercent">
        <target type="ProtoUnit">Storehouse</target>
      </effect>
      <effect mergeMode='add' type="Data" amount="0.01" subtype="BuildPoints" relativity="BasePercent">
        <target type="ProtoUnit">Granary</target>
      </effect>
      <effect mergeMode='add' type="Data" amount="0.01" subtype="BuildPoints" relativity="BasePercent">
        <target type="ProtoUnit">LumberCamp</target>
      </effect>
      <effect mergeMode='add' type="Data" amount="0.01" subtype="BuildPoints" relativity="BasePercent">
        <target type="ProtoUnit">MiningCamp</target>
      </effect>
      <effect mergeMode='add' type="Data" amount="0.01" subtype="BuildPoints" relativity="BasePercent">
        <target type="ProtoUnit">OxCartBuilding</target>
      </effect>
      <effect mergeMode='add' type="Data" amount="0.01" subtype="BuildPoints" relativity="BasePercent">
        <target type="ProtoUnit">House</target>
      </effect>
      <effect mergeMode='add' type="Data" amount="0.01" subtype="BuildPoints" relativity="BasePercent">
        <target type="ProtoUnit">Manor</target>
      </effect>
      <effect mergeMode='add' type="Data" amount="0.01" subtype="BuildPoints" relativity="BasePercent">
        <target type="ProtoUnit">EconomicGuild</target>
      </effect>
      <effect mergeMode='add' type="Data" amount="0.01" subtype="Cost" resource="Wood" relativity="BasePercent">
        <target type="ProtoUnit">Storehouse</target>
      </effect>
      <effect mergeMode='add' type="Data" amount="0.01" subtype="Cost" resource="Wood" relativity="BasePercent">
        <target type="ProtoUnit">Granary</target>
      </effect>
      <effect mergeMode='add' type="Data" amount="0.01" subtype="Cost" resource="Food" relativity="BasePercent">
        <target type="ProtoUnit">OxCartBuilding</target>
      </effect>
      <effect mergeMode='add' type="Data" amount="0.01" subtype="Cost" resource="Wood" relativity="BasePercent">
        <target type="ProtoUnit">OxCartBuilding</target>
      </effect>
      <effect mergeMode='add' type="Data" amount="0.01" subtype="Cost" resource="Wood" relativity="BasePercent">
        <target type="ProtoUnit">House</target>
      </effect>
      <effect mergeMode='add' type="Data" amount="0.01" subtype="Cost" resource="Wood" relativity="BasePercent">
        <target type="ProtoUnit">Manor</target>
      </effect>
      <effect mergeMode='add' type="Data" amount="0.01" subtype="Cost" resource="Gold" relativity="BasePercent">
        <target type="ProtoUnit">Manor</target>
      </effect>
      <effect mergeMode='add' type="Data" amount="0.01" subtype="Cost" resource="Wood" relativity="BasePercent">
        <target type="ProtoUnit">EconomicGuild</target>
      </effect>
      <effect mergeMode='add' type="Data" amount="0.01" subtype="Cost" resource="Gold" relativity="BasePercent">
        <target type="ProtoUnit">EconomicGuild</target>
      </effect>
    </effects>
  </tech>
  <tech name="RelicHestiasHearth" type="Normal">
    <effects>
      <effect mergeMode='remove' type="Data" amount="0.95" subtype="TrainPoints" relativity="BasePercent">
        <target type="ProtoUnit">AbstractVillager</target>
      </effect>
      <effect mergeMode='add' type="Data" amount="0.75" subtype="TrainPoints" relativity="BasePercent">
        <target type="ProtoUnit">AbstractVillager</target>
      </effect>
    </effects>
  </tech>
  <tech name="RelicPtahsSceptre" type="Normal">
    <effects>
      <effect mergeMode='remove' type="Data" amount="0.75" subtype="Cost" resource="Wood" relativity="Percent">
        <target type="ProtoUnit">Farm</target>
      </effect>
      <effect mergeMode='remove' type="Data" amount="0.75" subtype="Cost" resource="Gold" relativity="Percent">
        <target type="ProtoUnit">Farm</target>
      </effect>
      <effect mergeMode='add' type="Data" amount="0.01" subtype="Cost" resource="Wood" relativity="Percent">
        <target type="ProtoUnit">Farm</target>
      </effect>
      <effect mergeMode='add' type="Data" amount="0.01" subtype="Cost" resource="Gold" relativity="Percent">
        <target type="ProtoUnit">Farm</target>
      </effect>
    </effects>
  </tech>
  <tech name="RelicTyrfingAngantyrsSword" type="Normal">
    <effects>
      <effect mergeMode='remove' type="Data" amount="0.1" subtype="OnHitEffectRate" allactions="1" effecttype="Lifesteal" targettype="Unit" relativity="Absolute">
        <target type="ProtoUnit">Hero</target>
      </effect>
      <effect mergeMode='add' type="Data" amount="0.5" subtype="OnHitEffectRate" allactions="1"
        effecttype="Lifesteal" targettype="Unit" relativity="Absolute">
        <target type="ProtoUnit">Hero</target>
      </effect>
    </effects>
  </tech>
  <tech name="RelicSvadilfarisSledge" type="Normal">
    <effects>
      <effect mergeMode='remove' type="Data" amount="0" subtype="Cost" resource="Favor" relativity="Assign">
        <target type="ProtoUnit">AbstractFortress</target>
      </effect>
      <effect mergeMode='add' type="Data" amount="0" subtype="Cost" resource="Favor" relativity="Assign">
        <target type="ProtoUnit">AbstractFortress</target>
      </effect>
    </effects>
  </tech>
  <tech name="RelicRheiasCrown" type="Normal">
    <effects>
      <effect mergeMode='remove' type="Data" amount="0.9" subtype="Cost" resource="Wood" relativity="BasePercent">
        <target type="ProtoUnit">AbstractTownCenter</target>
      </effect>
      <effect mergeMode='remove' type="Data" amount="0.9" subtype="Cost" resource="Gold" relativity="BasePercent">
        <target type="ProtoUnit">AbstractTownCenter</target>
      </effect>
      <effect mergeMode='remove' type="Data" action="Autogather" amount="1.00" subtype="ActionEnable" relativity="Absolute">
        <target type="ProtoUnit">AbstractTownCenter</target>
      </effect>
      <effect mergeMode='remove' type="Data" action="Autogather" amount="0.01" subtype="WorkRate" unittype="Favor" relativity="Absolute">
        <target type="ProtoUnit">AbstractTownCenter</target>
      </effect>
      <effect mergeMode='add' type="Data" amount="0.5" subtype="Cost" resource="Wood" relativity="BasePercent">
        <target type="ProtoUnit">AbstractTownCenter</target>
      </effect>
      <effect mergeMode='add' type="Data" amount="0.5" subtype="Cost" resource="Gold" relativity="BasePercent">
        <target type="ProtoUnit">AbstractTownCenter</target>
      </effect>
      <effect mergeMode='add' type="Data" action="Autogather" amount="5.00" subtype="ActionEnable"
        relativity="Absolute">
        <target type="ProtoUnit">AbstractTownCenter</target>
      </effect>
      <effect mergeMode='add' type="Data" action="Autogather" amount="0.05" subtype="WorkRate" unittype="Favor"
        relativity="Absolute">
        <target type="ProtoUnit">AbstractTownCenter</target>
      </effect>
    </effects>
  </tech>
  <tech name="RelicTextsOfImhotep" type="Normal">
    <effects>
      <effect mergeMode='remove' type="Data" amount="0.9" subtype="BuildPoints" relativity="BasePercent">
        <target type="ProtoUnit">Building</target>
      </effect>
      <effect mergeMode='add' type="Data" amount="0.5" subtype="BuildPoints" relativity="BasePercent">
        <target type="ProtoUnit">Building</target>
      </effect>
    </effects>
  </tech>
  <tech name="RelicCharonsObol" type="Normal">
    <effects>
      <effect mergeMode='remove' type="Data" amount="25.00" subtype="ResourceReturn" resource="Food" relativity="Assign">
        <target type="ProtoUnit">VillagerGreek</target>
      </effect>
      <effect mergeMode='remove' type="Data" amount="25.00" subtype="ResourceReturn" resource="Food" relativity="Assign">
        <target type="ProtoUnit">VillagerEgyptian</target>
      </effect>
      <effect mergeMode='remove' type="Data" amount="25.00" subtype="ResourceReturn" resource="Food" relativity="Assign">
        <target type="ProtoUnit">VillagerNorse</target>
      </effect>
      <effect mergeMode='remove' type="Data" amount="35.00" subtype="ResourceReturn" resource="Gold" relativity="Assign">
        <target type="ProtoUnit">VillagerDwarf</target>
      </effect>
      <effect mergeMode='remove' type="Data" amount="42.50" subtype="ResourceReturn" resource="Food" relativity="Assign">
        <target type="ProtoUnit">VillagerAtlantean</target>
      </effect>
      <effect mergeMode='remove' type="Data" amount="7.50" subtype="ResourceReturn" resource="Wood" relativity="Assign">
        <target type="ProtoUnit">VillagerAtlantean</target>
      </effect>
      <effect mergeMode='remove' type="Data" amount="60.00" subtype="ResourceReturn" resource="Food" relativity="Assign">
        <target type="ProtoUnit">VillagerAtlanteanHero</target>
      </effect>
      <effect mergeMode='remove' type="Data" amount="10.00" subtype="ResourceReturn" resource="Wood" relativity="Assign">
        <target type="ProtoUnit">VillagerAtlanteanHero</target>
      </effect>
      <effect mergeMode='remove' type="Data" amount="1.00" subtype="ResourceReturn" resource="Favor" relativity="Assign">
        <target type="ProtoUnit">VillagerAtlanteanHero</target>
      </effect>
      <effect mergeMode='add' type="Data" amount="125.00" subtype="ResourceReturn" resource="Food"
        relativity="Assign">
        <target type="ProtoUnit">VillagerGreek</target>
      </effect>
      <effect mergeMode='add' type="Data" amount="125.00" subtype="ResourceReturn" resource="Food"
        relativity="Assign">
        <target type="ProtoUnit">VillagerEgyptian</target>
      </effect>
      <effect mergeMode='add' type="Data" amount="125.00" subtype="ResourceReturn" resource="Food"
        relativity="Assign">
        <target type="ProtoUnit">VillagerNorse</target>
      </effect>
      <effect mergeMode='add' type="Data" amount="175.00" subtype="ResourceReturn" resource="Gold"
        relativity="Assign">
        <target type="ProtoUnit">VillagerDwarf</target>
      </effect>
      <effect mergeMode='add' type="Data" amount="212.50" subtype="ResourceReturn" resource="Food"
        relativity="Assign">
        <target type="ProtoUnit">VillagerAtlantean</target>
      </effect>
      <effect mergeMode='add' type="Data" amount="37.50" subtype="ResourceReturn" resource="Wood"
        relativity="Assign">
        <target type="ProtoUnit">VillagerAtlantean</target>
      </effect>
      <effect mergeMode='add' type="Data" amount="300.00" subtype="ResourceReturn" resource="Food"
        relativity="Assign">
        <target type="ProtoUnit">VillagerAtlanteanHero</target>
      </effect>
      <effect mergeMode='add' type="Data" amount="50.00" subtype="ResourceReturn" resource="Wood"
        relativity="Assign">
        <target type="ProtoUnit">VillagerAtlanteanHero</target>
      </effect>
      <effect mergeMode='add' type="Data" amount="5.00" subtype="ResourceReturn" resource="Favor"
        relativity="Assign">
        <target type="ProtoUnit">VillagerAtlanteanHero</target>
      </effect>
    </effects>
  </tech>
  <tech name="RelicHekatesTorches" type="Normal">
    <effects>
      <effect mergeMode='remove' type="Data" subtype="GodPowerROFFactor" amount="0.90" relativity="Percent">
        <target type="Player">
        </target>
      </effect>
      <effect mergeMode='remove' type="Data" subtype="GodPowerCostFactor" amount="0.90" relativity="Percent">
        <target type="Player">
        </target>
      </effect>
      <effect mergeMode='add' type="Data" subtype="GodPowerROFFactor" amount="0.50" relativity="Percent">
        <target type="Player">
        </target>
      </effect>
      <effect mergeMode='add' type="Data" subtype="GodPowerCostFactor" amount="0.50" relativity="Percent">
        <target type="Player">
        </target>
      </effect>
    </effects>
  </tech>
  <tech name="RelicShenOfNekhbet" type="Normal">
    <effects>
      <effect mergeMode='remove' type="Data" allactions="1" amount="2.00" subtype="Damage" relativity="BasePercent">
        <target type="ProtoUnit">LogicalTypeMythUnitNotTitan</target>
      </effect>
      <effect mergeMode='add' type="Data" allactions="1" amount="10.00" subtype="Damage" relativity="BasePercent">
        <target type="ProtoUnit">LogicalTypeMythUnitNotTitan</target>
      </effect>
    </effects>
  </tech>
  <tech name="RelicGlaucusBookOfProphecies" type="Normal">
    <effects>
      <effect mergeMode='remove' type="Data" action="Gather" amount="1.30" subtype="WorkRate" unittype="FishResource" relativity="BasePercent">
        <target type="ProtoUnit">AbstractFishingShip</target>
      </effect>
      <effect mergeMode='add' type="Data" action="Gather" amount="2.50" subtype="WorkRate" unittype="FishResource"
        relativity="BasePercent">
        <target type="ProtoUnit">AbstractFishingShip</target>
      </effect>
    </effects>
  </tech>
  <tech name="RelicProwOfTheArgo" type="Normal">
    <effects>
      <effect mergeMode='remove' type="Data" amount="1.20" subtype="Hitpoints" relativity="BasePercent">
        <target type="ProtoUnit">AbstractWarship</target>
      </effect>
      <effect mergeMode='remove' type="Data" amount="1.20" subtype="Hitpoints" relativity="BasePercent">
        <target type="ProtoUnit">AbstractWarshipHero</target>
      </effect>
      <effect mergeMode='add' type="Data" amount="2" subtype="Hitpoints" relativity="BasePercent">
        <target type="ProtoUnit">AbstractWarship</target>
      </effect>
      <effect mergeMode='add' type="Data" amount="2" subtype="Hitpoints" relativity="BasePercent">
        <target type="ProtoUnit">AbstractWarshipHero</target>
      </effect>
    </effects>
  </tech>
  <tech name="RelicGoldenCamelStatue" type="Normal">
    <effects>
      <effect mergeMode='remove' type="Data" amount="1.00" subtype="MaximumVelocity" relativity="Absolute">
        <target type="ProtoUnit">OsirisPieceCart</target>
      </effect>
      <effect mergeMode='add' type="Data" amount="5.00" subtype="MaximumVelocity" relativity="Absolute">
        <target type="ProtoUnit">OsirisPieceCart</target>
      </effect>
    </effects>
  </tech>
</techtreemods>